ID,fL,fG,
067d54d0-b2cc-4d65-9348-f1dae3fc9398_lvl170,0.503589104710858,-11.726549861393837,
067d54d0-b2cc-4d65-9348-f1dae3fc9398_lvl23,0.8863797835717062,-14.457098253631022,
067d54d0-b2cc-4d65-9348-f1dae3fc9398_lvl49,0.834978047920999,-5.877220076219948,
08836143-6ee3-439a-96fc-01d1ef8931b6_lvl112,0.7454614307397266,-6.904704713770168,
08836143-6ee3-439a-96fc-01d1ef8931b6_lvl195,0.5138931054177106,-5.84661384516786,
08836143-6ee3-439a-96fc-01d1ef8931b6_lvl44,0.21786326459918348,-2.304092878461354,
08836143-6ee3-439a-96fc-01d1ef8931b6_lvl69,0.8132957536573073,-4.5534058263053225,
0af703b3-a499-45df-93df-53052633ff12_lvl100,0.6523790899421158,-17.12498890404596,
0af703b3-a499-45df-93df-53052633ff12_lvl194,0.6112026980085751,-19.570203517816324,
0c490eda-0204-4232-aca2-4918ee2e8bf8_lvl173,0.28652436626557065,-75.31831153714911,
0c490eda-0204-4232-aca2-4918ee2e8bf8_lvl178,0.6100635292448554,-11.245014443967909,
0c490eda-0204-4232-aca2-4918ee2e8bf8_lvl29,0.8689779343784341,-16.147184503029045,
0c742b9d-e162-44c4-b3c9-13447fd0d608_lvl115,0.7770625870878812,-6.205276916450546,
0c742b9d-e162-44c4-b3c9-13447fd0d608_lvl151,0.6616774677564776,-8.600490510507164,
0c742b9d-e162-44c4-b3c9-13447fd0d608_lvl55,0.8475899743801478,-11.601568284039304,
0c742b9d-e162-44c4-b3c9-13447fd0d608_lvl79,0.7844784866623212,-9.72149041315707,
0cbaa3ae-5376-4d7f-8053-7daba92be456_lvl33,0.8328631122268608,-10.487445846121126,
0cbaa3ae-5376-4d7f-8053-7daba92be456_lvl42,0.8331859623146799,-5.928177391165942,
0cbaa3ae-5376-4d7f-8053-7daba92be456_lvl43,0.8392086288456873,-0.8911748238956854,
0cbaa3ae-5376-4d7f-8053-7daba92be456_lvl91,0.7436223257277862,-8.436276780523778,
0efc394c-f40d-4a2c-b436-95edd8772331_lvl102,0.44296850859586784,-18.299576056648835,
0efc394c-f40d-4a2c-b436-95edd8772331_lvl174,0.6624392731104962,-33.12305146015847,
0efc394c-f40d-4a2c-b436-95edd8772331_lvl192,0.5112471469451584,-17.714614827306338,
0efc394c-f40d-4a2c-b436-95edd8772331_lvl63,0.5160544348616358,-7.595497013594103,
0f50778b-e4b6-4e32-b4f7-1e8d42bc103d_lvl13,0.8932647699278317,-10.529618015808596,
0f50778b-e4b6-4e32-b4f7-1e8d42bc103d_lvl94,0.7567534438460553,-6.159088371516128,
10076030-cd09-4885-95f3-6ac9425016ec_lvl11,0.8372409939788593,-4.590064761823587,
10076030-cd09-4885-95f3-6ac9425016ec_lvl123,0.751145614402123,-12.993606340386792,
10076030-cd09-4885-95f3-6ac9425016ec_lvl200,-0.14088675294917813,-6.261558254377274,
10076030-cd09-4885-95f3-6ac9425016ec_lvl93,0.7226768964505262,-21.96977860859856,
105c0e47-62cc-417d-9ffc-4dd7da969125_lvl138,0.6911665016088151,-15.09894649199329,
105c0e47-62cc-417d-9ffc-4dd7da969125_lvl150,0.6800878852417577,-9.933932933858289,
105c0e47-62cc-417d-9ffc-4dd7da969125_lvl159,0.6792383290367291,-13.234015520746807,
105c0e47-62cc-417d-9ffc-4dd7da969125_lvl60,0.7930364445465935,-12.47590094845779,
15441163-83ea-493e-adda-61d2b8d8d5b0_lvl184,0.4072565375839867,-39.527294992260536,
15441163-83ea-493e-adda-61d2b8d8d5b0_lvl58,0.6101946382841188,-3.7328931582603766,
1ad4daba-e8aa-483d-b19c-35350298d740_lvl122,0.6939756803128374,-11.477289379792659,
1ad4daba-e8aa-483d-b19c-35350298d740_lvl151,0.6616774677564776,-22.89461406141493,
1ad4daba-e8aa-483d-b19c-35350298d740_lvl21,0.8849410832671889,-7.8458209099296825,
1ad4daba-e8aa-483d-b19c-35350298d740_lvl62,0.8263419838144045,-8.160678367635606,
1dde97e4-3c95-4369-8793-baee2d3216f3_lvl132,0.7092523864404693,-8.601320221533717,
1dde97e4-3c95-4369-8793-baee2d3216f3_lvl88,0.8086724258504083,-10.908268449245872,
1dde97e4-3c95-4369-8793-baee2d3216f3_lvl98,0.8210487584575592,-9.126019219908375,
1f832b78-6dd1-4b19-b30b-51960d91b031_lvl125,0.7158016437626237,-15.93158432390328,
1f832b78-6dd1-4b19-b30b-51960d91b031_lvl130,0.6738640545523039,-11.028845129546282,
1f832b78-6dd1-4b19-b30b-51960d91b031_lvl71,0.7981865902682835,-15.809969832143105,
1f832b78-6dd1-4b19-b30b-51960d91b031_lvl95,0.7862772917502273,-12.603355872510507,
2482c1ca-0da2-4288-a8a6-c5e41050e310_lvl109,0.7391867913489214,-4.928032676849063,
2482c1ca-0da2-4288-a8a6-c5e41050e310_lvl192,0.6276727702372022,-9.300816365159978,
2482c1ca-0da2-4288-a8a6-c5e41050e310_lvl29,0.8681235841489346,-8.38636966032769,
2482c1ca-0da2-4288-a8a6-c5e41050e310_lvl3,0.8766634728822867,-5.052901251957034,
2831d68c-40b8-4ba0-8974-1afacaed6762_lvl186,0.5567724036141938,-27.725504099614287,
2831d68c-40b8-4ba0-8974-1afacaed6762_lvl31,0.8238163126449447,-18.226197905142723,
2831d68c-40b8-4ba0-8974-1afacaed6762_lvl80,0.7949557751676287,-26.045268375028968,
28421ba1-9bc5-43b1-a287-2a5bd3554433_lvl167,0.5627252629214271,-35.29319843279831,
28421ba1-9bc5-43b1-a287-2a5bd3554433_lvl18,0.8482630953369302,-17.42913089490695,
28421ba1-9bc5-43b1-a287-2a5bd3554433_lvl33,0.8328631122268608,-10.209853842064355,
28421ba1-9bc5-43b1-a287-2a5bd3554433_lvl37,0.8393921897916077,-19.847245487192374,
2900ca9a-fb65-48a1-99e8-fa26abc80c0b_lvl197,0.6010655575112237,-56.121498922767444,
2a8b8b1b-a314-4c4d-9721-8b94797932fb_lvl104,0.6801314036147232,-31.51122327133791,
2a8b8b1b-a314-4c4d-9721-8b94797932fb_lvl120,0.6999743557217768,-15.473378033513836,
2a8b8b1b-a314-4c4d-9721-8b94797932fb_lvl195,0.6071824589280534,-33.71871976230717,
2a8b8b1b-a314-4c4d-9721-8b94797932fb_lvl65,0.7832645770695322,-7.768462897564327,
2f12fa57-37c6-4486-be84-ac4e5dc569c2_lvl10,0.8872979277266032,-1.9971856093131102,
2f12fa57-37c6-4486-be84-ac4e5dc569c2_lvl104,0.6887848132323903,-9.95407583437066,
2f12fa57-37c6-4486-be84-ac4e5dc569c2_lvl7,0.9210643403637216,-8.256772611070703,
2f12fa57-37c6-4486-be84-ac4e5dc569c2_lvl75,0.7984059109703612,-10.391008896580782,
2f8867e8-63a9-49b2-b90f-3796db45201d_lvl32,0.8319958325767746,-18.340235852494374,
2f8867e8-63a9-49b2-b90f-3796db45201d_lvl87,0.8077175954256695,-18.963097421084072,
30a3a049-3bd8-4990-a9fc-8e86de0afd8e_lvl118,0.4397697309327363,-6.3458739228246905,
30a3a049-3bd8-4990-a9fc-8e86de0afd8e_lvl21,0.8849410832671889,-4.65755303772332,
30a3a049-3bd8-4990-a9fc-8e86de0afd8e_lvl34,0.8554821577847052,-8.73734980043193,
33253213-2bfe-40e3-8131-2e175da84c1c_lvl12,0.8538239639713613,-5.91223275528815,
33253213-2bfe-40e3-8131-2e175da84c1c_lvl172,0.7204401402129933,-33.96059007907448,
39ff859b-7673-4af8-b0fc-7d04b78d0636_lvl130,0.6515375319652292,-15.231528533408465,
39ff859b-7673-4af8-b0fc-7d04b78d0636_lvl164,0.6369592378704048,-19.936799277159718,
3a23e6d4-f5df-47bb-ab0d-fe9c07d56565_lvl104,0.6801314036147232,-9.270459970205566,
3a23e6d4-f5df-47bb-ab0d-fe9c07d56565_lvl45,0.8269380244777719,-6.496763989864042,
3a23e6d4-f5df-47bb-ab0d-fe9c07d56565_lvl54,0.8086182845571392,-10.162747687040117,
3b52e316-5a0e-4068-9df4-576f65c6ee7b_lvl68,0.7642706919359711,-13.627196338475631,
3b6c9df2-5083-4d49-9861-cbe74afe4619_lvl11,0.839999021221774,-10.301476227238147,
3b6c9df2-5083-4d49-9861-cbe74afe4619_lvl186,0.5748523587006849,-22.910990353754062,
3b6c9df2-5083-4d49-9861-cbe74afe4619_lvl33,0.8328631122268608,-14.477162621893399,
3b6c9df2-5083-4d49-9861-cbe74afe4619_lvl42,0.8331859623146799,-31.468567081970594,
3b8d2496-d662-46f2-9849-c09fd9fa1646_lvl151,0.6616774677564776,-7.9262474633700855,
3b8d2496-d662-46f2-9849-c09fd9fa1646_lvl183,0.6030437642164428,-11.318500173721617,
3b8d2496-d662-46f2-9849-c09fd9fa1646_lvl25,0.8289053961559257,-18.545190759661228,
3b8d2496-d662-46f2-9849-c09fd9fa1646_lvl50,0.7837599680811324,-4.874921147196785,
3e9a9746-8dd9-4860-9079-dee242ceb868_lvl111,0.7004208419216997,-11.112759054043234,
3e9a9746-8dd9-4860-9079-dee242ceb868_lvl140,0.7390027679760909,-19.197823241643356,
3e9a9746-8dd9-4860-9079-dee242ceb868_lvl167,0.6472069282657235,-12.657811179683305,
3e9a9746-8dd9-4860-9079-dee242ceb868_lvl27,0.8529706585589433,-3.8365066479925862,
4013d0a0-8554-4fdb-9e59-aa8409877849_lvl136,0.7437823354522667,-6.647831219943533,
4013d0a0-8554-4fdb-9e59-aa8409877849_lvl171,0.7481993759605641,-6.297445161167329,
4013d0a0-8554-4fdb-9e59-aa8409877849_lvl69,0.8132957536573073,-10.318353742310368,
4013d0a0-8554-4fdb-9e59-aa8409877849_lvl91,0.7208225222232281,-20.053642514036426,
41fdb80c-6516-4d73-8b79-6f863a3287d0_lvl161,0.6580321159186204,-19.73543012935791,
41fdb80c-6516-4d73-8b79-6f863a3287d0_lvl182,0.614208654421459,-8.071657466692404,
41fdb80c-6516-4d73-8b79-6f863a3287d0_lvl52,0.7037822424966909,-13.10898289532457,
41fdb80c-6516-4d73-8b79-6f863a3287d0_lvl78,0.7606579103701137,-13.7339630691769,
4324f040-147a-443b-b639-125efb4faf24_lvl134,0.7467606060662391,-18.058269213315302,
4324f040-147a-443b-b639-125efb4faf24_lvl55,0.8389085679248242,-15.072389169496471,
43591ce5-db23-4aab-8911-f4a445815c83_lvl198,0.6099175265307697,-4.740047982600186,
43591ce5-db23-4aab-8911-f4a445815c83_lvl7,0.9210643403637216,-3.183282043635688,
43cb580e-dcc1-438e-b4dc-19303e208aaf_lvl116,0.5808196732839658,-73.96292571707019,
43cb580e-dcc1-438e-b4dc-19303e208aaf_lvl152,0.13360108204124013,-14.643431388591377,
43cb580e-dcc1-438e-b4dc-19303e208aaf_lvl69,0.7946711455198211,-22.575076920149762,
43cb580e-dcc1-438e-b4dc-19303e208aaf_lvl84,0.7495073952818977,-25.575112519606872,
44879868-740b-45b1-9c0c-a7389bf02cba_lvl195,0.5636186635551294,-11.095465864421222,
4824aeeb-a1dd-479c-bf9d-8eeaa849d866_lvl9,0.7711660141264612,-50.81438595084687,
4824aeeb-a1dd-479c-bf9d-8eeaa849d866_lvl94,0.7567534438460553,-9.636766561213774,
4a41095c-af10-4826-a020-f46e74ae8355_lvl125,0.7158016437626237,-6.511600830034968,
4a41095c-af10-4826-a020-f46e74ae8355_lvl177,0.6304419602536983,-6.803381262305901,
4a41095c-af10-4826-a020-f46e74ae8355_lvl19,0.8771399530980478,-12.59054948454338,
4a41095c-af10-4826-a020-f46e74ae8355_lvl198,0.6099175265307697,-13.177609602726532,
4b63ef53-bbd5-4746-bb02-e8a6183d5acf_lvl74,0.7289270701517229,-20.34383362641854,
4b7b206e-74bc-4d4b-81ec-a2bebb32aaeb_lvl103,0.7391809472209272,-16.28153623842765,
4b7b206e-74bc-4d4b-81ec-a2bebb32aaeb_lvl108,0.6849267239734601,-41.24317053273261,
4b7b206e-74bc-4d4b-81ec-a2bebb32aaeb_lvl112,0.7454614307397266,-14.197877066786333,
4b7b206e-74bc-4d4b-81ec-a2bebb32aaeb_lvl143,0.6872987723121188,-22.002300027791378,
4b7b206e-74bc-4d4b-81ec-a2bebb32aaeb_lvl190,0.6654565054673701,-7.158579333050846,
521d38d2-89b4-4fee-b5dd-d18f42a216e6_lvl105,0.6593054127795086,-23.870583799761718,
521d38d2-89b4-4fee-b5dd-d18f42a216e6_lvl179,0.6240777914088189,-10.895542929446307,
56b8e4ac-4757-4679-ac36-030931987b90_lvl114,0.714434280652942,-3.2784011795261767,
56b8e4ac-4757-4679-ac36-030931987b90_lvl129,0.712603002742849,-5.563426256436511,
56b8e4ac-4757-4679-ac36-030931987b90_lvl145,0.6816876427227992,-5.25627041609803,
56b8e4ac-4757-4679-ac36-030931987b90_lvl60,0.7931764997731873,-4.819032351221807,
56f050c3-595e-40c7-a656-21076e66917f_lvl145,0.350830360623501,-27.356176347411008,
56f050c3-595e-40c7-a656-21076e66917f_lvl176,0.6253553244916872,-13.025624334664018,
56f050c3-595e-40c7-a656-21076e66917f_lvl28,0.8630906304942804,-7.173080013948175,
56f050c3-595e-40c7-a656-21076e66917f_lvl40,0.816170763665149,-16.208010403875445,
5dd03508-7b35-4f59-b365-2089bd8a3ae7_lvl118,0.6724867129110011,-16.93731024640632,
5dd03508-7b35-4f59-b365-2089bd8a3ae7_lvl186,0.5978734040310237,-7.866433728829443,
5dd03508-7b35-4f59-b365-2089bd8a3ae7_lvl76,0.7626625917307774,-13.17062070996808,
5dd03508-7b35-4f59-b365-2089bd8a3ae7_lvl92,0.7559806216411438,-11.733867132947724,
60eb6bbd-e693-4b39-a26b-deefbdb778b7_lvl115,0.7770625870878812,-4.103061524707107,
60eb6bbd-e693-4b39-a26b-deefbdb778b7_lvl139,0.42678357711816806,-3.474260499869888,
60eb6bbd-e693-4b39-a26b-deefbdb778b7_lvl19,0.8771399530980478,-18.703228970848137,
60eb6bbd-e693-4b39-a26b-deefbdb778b7_lvl96,0.76824477724909,-4.188736603375055,
682c494e-d831-4220-a5a4-fc4ba17165db_lvl116,0.6614818043508391,-30.016741527181967,
682c494e-d831-4220-a5a4-fc4ba17165db_lvl192,0.22372399797168122,-36.67028710261105,
682c494e-d831-4220-a5a4-fc4ba17165db_lvl97,0.6762030879366988,-13.313032944502757,
68c3063b-b165-4829-a70d-ab66e67253c5_lvl155,0.6693196290357842,-12.582445388253321,
6d710075-57ba-4545-bc65-e2a274f9f92b_lvl136,0.29972506519756087,-21.40228076881391,
6d710075-57ba-4545-bc65-e2a274f9f92b_lvl168,0.5184980249324939,-5.479149731697971,
6d710075-57ba-4545-bc65-e2a274f9f92b_lvl171,-0.26396814408276975,-3.7660027955651554,
6d710075-57ba-4545-bc65-e2a274f9f92b_lvl178,0.6100635292448554,-7.7759801701190945,
6d710075-57ba-4545-bc65-e2a274f9f92b_lvl88,0.18257576000549464,-8.14486899858034,
70d6994c-b6d4-4e92-9d50-e1c25931d401_lvl111,0.6723842450074015,-22.625182868849656,
70d6994c-b6d4-4e92-9d50-e1c25931d401_lvl163,0.25328373725201075,-16.409622663545573,
70d6994c-b6d4-4e92-9d50-e1c25931d401_lvl9,0.892986158610861,-31.466383707659823,
70d6994c-b6d4-4e92-9d50-e1c25931d401_lvl97,0.08545129789944576,-9.706093009324949,
735b485e-f9ca-4749-aa61-aa2a98a00d18_lvl19,0.8771399530980478,-14.846561392146553,
735b485e-f9ca-4749-aa61-aa2a98a00d18_lvl49,0.8635042724124612,-10.378744862096017,
735b485e-f9ca-4749-aa61-aa2a98a00d18_lvl85,0.8145261303831788,-13.14520077441238,
73793320-1d3e-42d8-afa1-e7260980cd3c_lvl189,0.6212131216034514,-22.235465161899548,
73793320-1d3e-42d8-afa1-e7260980cd3c_lvl46,0.858543174774505,-19.34112668769899,
73793320-1d3e-42d8-afa1-e7260980cd3c_lvl93,0.694944586095579,-13.694040783657064,
76027eb9-e5df-464c-84e0-88c816678977_lvl11,0.8372409939788593,-3.743729703104019,
76027eb9-e5df-464c-84e0-88c816678977_lvl13,0.8932647699278317,-8.920361448272224,
76027eb9-e5df-464c-84e0-88c816678977_lvl132,0.7092523864404693,-6.066705080326726,
76027eb9-e5df-464c-84e0-88c816678977_lvl66,0.8259096331519052,-10.019389876519122,
765cec57-b27c-4efa-a54c-3b025ba97aef_lvl104,0.6972366209963908,-2.618201818364207,
765cec57-b27c-4efa-a54c-3b025ba97aef_lvl13,0.8932647699278317,-5.712517227458862,
765cec57-b27c-4efa-a54c-3b025ba97aef_lvl158,0.6463941835352682,-7.321795421200942,
765cec57-b27c-4efa-a54c-3b025ba97aef_lvl173,0.28652436626557065,-5.85032866803606,
7699c3d2-fb67-40f4-a8c2-d04c9c59d7f1_lvl1,0.9104926453012966,-6.644528193622824,
7699c3d2-fb67-40f4-a8c2-d04c9c59d7f1_lvl102,0.766482893335614,-13.945596520616965,
7699c3d2-fb67-40f4-a8c2-d04c9c59d7f1_lvl2,0.9377569935495824,-20.821632044643057,
769a7824-b9fe-4936-b87b-cab185803a17_lvl141,0.7381225382104205,-13.940345529434042,
769a7824-b9fe-4936-b87b-cab185803a17_lvl21,0.8849410832671889,-12.41463703826855,
769a7824-b9fe-4936-b87b-cab185803a17_lvl57,0.8506131638766109,-11.546839573783977,
769a7824-b9fe-4936-b87b-cab185803a17_lvl99,0.7455865920688475,-11.705554266246907,
7fc6f124-dc9e-4a87-ab19-e851f9d9de67_lvl105,0.620980101377723,-7.003300410731102,
7fc6f124-dc9e-4a87-ab19-e851f9d9de67_lvl134,0.7467606060662391,-30.25469607865202,
7fc6f124-dc9e-4a87-ab19-e851f9d9de67_lvl31,0.8238163126449447,-3.111314923905434,
7fc6f124-dc9e-4a87-ab19-e851f9d9de67_lvl39,0.841924829848599,-20.045374715721614,
85be412a-dc18-4714-a556-d199f984209c_lvl1,0.9104926453012966,-11.894186084513931,
85be412a-dc18-4714-a556-d199f984209c_lvl108,0.7101868364308721,-37.73493856192371,
85be412a-dc18-4714-a556-d199f984209c_lvl124,0.4808006047290508,-13.07134398009846,
85be412a-dc18-4714-a556-d199f984209c_lvl158,0.15852738719195592,-27.35676831238971,
8ad0e653-d918-447f-b8c2-53fcdffd6c1e_lvl94,0.781921302573392,-17.50345090275924,
8b1fe243-3a4d-4c3d-ac18-b251cc558b05_lvl115,0.7770625870878812,-6.550434659346167,
8b1fe243-3a4d-4c3d-ac18-b251cc558b05_lvl146,0.6937920585217002,-6.901109036220128,
8b1fe243-3a4d-4c3d-ac18-b251cc558b05_lvl169,0.6537270975995478,-5.04986455213761,
8b1fe243-3a4d-4c3d-ac18-b251cc558b05_lvl70,0.7992178396407236,-10.08826112422774,
8ca1d2dc-4daa-44d9-a842-659c691eac35_lvl118,0.6256991004697158,-13.499467733865282,
8ca1d2dc-4daa-44d9-a842-659c691eac35_lvl139,0.5795907992175484,-1.2378944084170156,
8ca1d2dc-4daa-44d9-a842-659c691eac35_lvl62,0.7801792029905282,-50.75305242436342,
8ca1d2dc-4daa-44d9-a842-659c691eac35_lvl72,0.7490546520556197,-16.665286133533534,
8e16acd5-31df-429f-a0b4-4e6f82157507_lvl143,0.6872987723121188,-6.523718672111255,
8e16acd5-31df-429f-a0b4-4e6f82157507_lvl29,0.8681235841489346,-7.728178624374167,
8e16acd5-31df-429f-a0b4-4e6f82157507_lvl31,0.8238163126449447,-2.646440288009878,
8e16acd5-31df-429f-a0b4-4e6f82157507_lvl93,0.7226768964505262,-8.249822750871582,
90237211-82c9-4695-9a59-8d975f6bef3a_lvl10,0.8872979277266032,-11.23444766562609,
90237211-82c9-4695-9a59-8d975f6bef3a_lvl149,0.7080731501324988,-12.708864208935461,
90237211-82c9-4695-9a59-8d975f6bef3a_lvl184,0.6275099975793964,-13.7293527363601,
90237211-82c9-4695-9a59-8d975f6bef3a_lvl84,0.7495073952818977,-14.361136313187698,
95c108b2-2aa7-4a86-84b1-5c01d2455ec0_lvl142,0.7114343039376347,-4.353053370447784,
95c108b2-2aa7-4a86-84b1-5c01d2455ec0_lvl25,0.8289053961559257,-49.97488326813039,
95c108b2-2aa7-4a86-84b1-5c01d2455ec0_lvl46,0.858543174774505,-11.563935909963787,
95c108b2-2aa7-4a86-84b1-5c01d2455ec0_lvl84,0.7495073952818977,-6.647378707409694,
9720c245-2bd9-44e0-825b-d54324f5b90a_lvl169,0.6537270975995478,-11.27875382978899,
9720c245-2bd9-44e0-825b-d54324f5b90a_lvl186,0.5978734040310237,-10.743118555578684,
9720c245-2bd9-44e0-825b-d54324f5b90a_lvl37,0.8393921897916077,-12.021319332921918,
9ecbe03d-97b6-48aa-b3ba-a21d09d0fd56_lvl162,-0.009577524303831008,-79.8609536045041,
9ecbe03d-97b6-48aa-b3ba-a21d09d0fd56_lvl34,0.8554821577847052,-6.214021862029669,
9ecbe03d-97b6-48aa-b3ba-a21d09d0fd56_lvl4,0.9077463054179453,-6.87401215373825,
9ecbe03d-97b6-48aa-b3ba-a21d09d0fd56_lvl87,0.8077175954256695,-12.793823651354892,
9fa2d416-3c98-481e-9f25-608316e9aa27_lvl128,0.7054780529791141,-6.661905567938663,
9fa2d416-3c98-481e-9f25-608316e9aa27_lvl14,0.8902387914795569,-5.104101890974423,
9fa2d416-3c98-481e-9f25-608316e9aa27_lvl30,0.864460908540475,-6.85366157288301,
9fa2d416-3c98-481e-9f25-608316e9aa27_lvl54,0.7340966290706344,-8.89170396216029,
a107d2f0-b4b0-4782-8416-1d1219f13fc5_lvl142,0.7114343039376347,-23.21724591371216,
a107d2f0-b4b0-4782-8416-1d1219f13fc5_lvl45,0.8269380244777719,-10.570080700583013,
a107d2f0-b4b0-4782-8416-1d1219f13fc5_lvl67,0.8016600789707266,-6.988601098705653,
a107d2f0-b4b0-4782-8416-1d1219f13fc5_lvl83,0.7691741096431005,-7.518087471410525,
a11999eb-48ab-4655-b2e7-a102e7210111_lvl145,0.6816876427227992,-6.561565945850896,
a11999eb-48ab-4655-b2e7-a102e7210111_lvl31,0.8238163126449447,-3.8995989219238307,
a11999eb-48ab-4655-b2e7-a102e7210111_lvl53,0.8239393304021476,-0.7271928543298115,
a11999eb-48ab-4655-b2e7-a102e7210111_lvl70,0.7861384433913666,-8.35377575408285,
a26fa938-16d9-4751-9d7b-542fb44a0ee8_lvl118,0.49987545718994025,-47.78623077775681,
a26fa938-16d9-4751-9d7b-542fb44a0ee8_lvl125,0.7158016437626237,-15.042825898513113,
a26fa938-16d9-4751-9d7b-542fb44a0ee8_lvl17,0.8329755532246942,-1.7756250505145301,
a26fa938-16d9-4751-9d7b-542fb44a0ee8_lvl28,0.8630906304942804,-7.517283941475179,
a26fa938-16d9-4751-9d7b-542fb44a0ee8_lvl52,0.8231004117207945,-14.854019082951321,
a26fa938-16d9-4751-9d7b-542fb44a0ee8_lvl63,0.27971738003857827,-82.78589668183204,
a26fa938-16d9-4751-9d7b-542fb44a0ee8_lvl69,0.8132957536573073,-23.34390771574531,
a3bbdd04-4020-4bc8-95d2-692568fe9115_lvl154,0.7767357667483288,-29.165581903034052,
a3bbdd04-4020-4bc8-95d2-692568fe9115_lvl19,0.8771399530980478,-19.268752416595476,
a3bbdd04-4020-4bc8-95d2-692568fe9115_lvl196,0.6193207300934779,-12.12468998198841,
a3bbdd04-4020-4bc8-95d2-692568fe9115_lvl72,0.8200953036178493,-16.122926258659763,
a42ef195-3c84-4af5-bd52-9438c0d2b186_lvl60,0.8091925386604885,-12.840973096105218,
a680318c-8079-4ec8-9ea6-80ae2addc343_lvl1,0.9104926453012966,-10.068973896093409,
a680318c-8079-4ec8-9ea6-80ae2addc343_lvl117,0.3941435746933379,-9.116040768133836,
a680318c-8079-4ec8-9ea6-80ae2addc343_lvl26,0.6531429721166057,-44.927776999479704,
a89045cd-3900-400f-85c2-74b49190c972_lvl159,0.6792383290367291,-11.07251650577665,
a89045cd-3900-400f-85c2-74b49190c972_lvl187,0.6610719043459212,-19.206846780695738,
a89045cd-3900-400f-85c2-74b49190c972_lvl44,0.8381600664154232,-11.016832668470782,
a89045cd-3900-400f-85c2-74b49190c972_lvl54,0.8086182845571392,-13.010244930908827,
a8a21297-e295-439a-b37c-a57c1a348578_lvl173,0.6602029896264577,-13.381223998865108,
ab233937-5e24-4c8a-a294-cfe793cbed00_lvl146,0.6937920585217002,-13.210492696613635,
ab233937-5e24-4c8a-a294-cfe793cbed00_lvl168,0.6425535818413626,-19.786052348753113,
ab233937-5e24-4c8a-a294-cfe793cbed00_lvl183,0.6030437642164428,-11.586358577317727,
b0e1b70f-4fab-4540-bb3c-3bdbdfaf3cfe_lvl112,0.7685421035438211,-18.785965840753473,
b0e1b70f-4fab-4540-bb3c-3bdbdfaf3cfe_lvl137,0.7244466659938305,-10.28188913557746,
b0e1b70f-4fab-4540-bb3c-3bdbdfaf3cfe_lvl162,-0.009577524303831008,-10.738043153065117,
b0e1b70f-4fab-4540-bb3c-3bdbdfaf3cfe_lvl6,0.896951303209758,-6.127014942513484,
b11e2911-4d8f-48f0-bc28-8db6c9d0ffd5_lvl103,0.6992808647204067,-13.508348298088348,
b11e2911-4d8f-48f0-bc28-8db6c9d0ffd5_lvl129,0.712603002742849,-16.264671102978184,
b11e2911-4d8f-48f0-bc28-8db6c9d0ffd5_lvl177,0.6304419602536983,-17.389856447769148,
b11e2911-4d8f-48f0-bc28-8db6c9d0ffd5_lvl193,0.5745650526177836,-24.983335627304665,
b27967e0-d66f-4297-8e27-c280edf5cbcb_lvl130,0.6515375319652292,-6.813365673855401,
b27967e0-d66f-4297-8e27-c280edf5cbcb_lvl165,0.7523166606603044,-5.844464640304772,
b27967e0-d66f-4297-8e27-c280edf5cbcb_lvl42,0.8331859623146799,-6.072440142506238,
b27967e0-d66f-4297-8e27-c280edf5cbcb_lvl58,0.8195824491899092,-1.6426130877588285,
b3e007dd-ff6c-40af-9683-a347df06b134_lvl100,0.5183918622253266,-27.38254581112419,
b3e007dd-ff6c-40af-9683-a347df06b134_lvl157,-0.11546676603634953,-1.7195999975898006,
b3e007dd-ff6c-40af-9683-a347df06b134_lvl89,0.6057070107148669,-53.83548587814113,
b8dd5302-f860-4101-a235-0c848df6e26e_lvl16,0.7847271923356737,-8.315950409995311,
b9b7c160-14ab-4076-bb32-6b5ce9bc1bb4_lvl134,0.7467606060662391,-13.555373018513722,
b9b7c160-14ab-4076-bb32-6b5ce9bc1bb4_lvl162,0.6972552835389726,-5.7083779752484896,
b9b7c160-14ab-4076-bb32-6b5ce9bc1bb4_lvl30,0.864460908540475,-5.327611875509461,
b9b7c160-14ab-4076-bb32-6b5ce9bc1bb4_lvl81,0.6587777473213626,-5.482284899889954,
c09113a4-46c7-4ffc-8af8-c09e9fcb3ff8_lvl145,0.6816876427227992,-15.535516643002772,
c09113a4-46c7-4ffc-8af8-c09e9fcb3ff8_lvl199,0.7153712477934177,-26.242390953079184,
c09113a4-46c7-4ffc-8af8-c09e9fcb3ff8_lvl58,0.7984348363823323,-24.042601065787192,
c25c6ad3-626d-4563-9a22-81b0f8b9e8d5_lvl142,0.6935662523431071,-8.02257718596378,
c25c6ad3-626d-4563-9a22-81b0f8b9e8d5_lvl168,0.6425535818413626,-9.803742852420617,
c25c6ad3-626d-4563-9a22-81b0f8b9e8d5_lvl27,0.8529706585589433,-7.831643122851926,
c25c6ad3-626d-4563-9a22-81b0f8b9e8d5_lvl62,0.8263419838144045,-10.018696795080945,
c3e1cda7-b7fd-46b6-925b-0cbfb85bae89_lvl114,0.6861882904134063,-29.91548278286512,
c3e1cda7-b7fd-46b6-925b-0cbfb85bae89_lvl122,0.6939756803128374,-6.790382259794675,
c3e1cda7-b7fd-46b6-925b-0cbfb85bae89_lvl179,0.6240777914088189,-7.48624785422528,
c3e1cda7-b7fd-46b6-925b-0cbfb85bae89_lvl27,0.8529706585589433,-12.660678970069576,
c4699748-0982-4c0d-97ec-287b108f8897_lvl116,0.6614818043508391,-37.92727728609725,
c4699748-0982-4c0d-97ec-287b108f8897_lvl148,0.46006912741317746,-29.49154288725945,
c4699748-0982-4c0d-97ec-287b108f8897_lvl179,0.6106868715436865,-42.054642263768685,
c4699748-0982-4c0d-97ec-287b108f8897_lvl194,0.6112026980085751,-20.72345776859227,
c748f87a-7274-4058-bfaa-e667a5a2fe46_lvl53,0.8239393304021476,-21.07027925305418,
c90996eb-23a6-4e52-a513-6064c2a1cc08_lvl34,0.8554821577847052,-10.769249302667054,
c90996eb-23a6-4e52-a513-6064c2a1cc08_lvl50,0.8173429830610328,-12.48873017349855,
c90996eb-23a6-4e52-a513-6064c2a1cc08_lvl58,0.8195824491899092,-10.39716607556875,
cb577ff9-dd86-4191-9dff-51b04f83410a_lvl100,0.7410707858919788,-4.825009406372523,
cb577ff9-dd86-4191-9dff-51b04f83410a_lvl146,0.6937920585217002,-7.209259082931013,
cb577ff9-dd86-4191-9dff-51b04f83410a_lvl61,0.7855235088205721,-7.915357517834099,
cb577ff9-dd86-4191-9dff-51b04f83410a_lvl98,0.8210487584575592,-3.2850884253254615,
ce5962ee-255c-43eb-a572-52a202225300_lvl24,0.8185839385587063,-11.057944234422576,
cf8680ff-9cc5-4a30-b2f1-0e6ceaf39e9c_lvl152,0.5028986729533146,-36.98411965134205,
cf8680ff-9cc5-4a30-b2f1-0e6ceaf39e9c_lvl155,0.6012159691296012,-13.247355006358088,
cf8680ff-9cc5-4a30-b2f1-0e6ceaf39e9c_lvl166,0.6191975993699677,-8.732097677734847,
cf8680ff-9cc5-4a30-b2f1-0e6ceaf39e9c_lvl184,0.6058430396220572,-10.58322272650385,
cf9eaa65-e5fe-45ce-ab87-c2a4fccfff0b_lvl144,0.5991461659902574,-27.425366338337522,
cf9eaa65-e5fe-45ce-ab87-c2a4fccfff0b_lvl194,0.57464670316777,-26.05584665101929,
cfa734c5-6381-48bc-9a44-436292751245_lvl129,0.6599613637110813,-17.847667459912174,
cfa734c5-6381-48bc-9a44-436292751245_lvl138,0.6911665016088151,-20.5803064976587,
cfa734c5-6381-48bc-9a44-436292751245_lvl70,0.7992178396407236,-13.755580836126567,
d00dd8c2-ed02-4885-8bf5-2e178957cc72_lvl146,0.13798585756312506,-1.7838901909068228,
d19a149b-1d08-4720-bc60-716abcb6be88_lvl199,0.6540500782973055,-11.63739386888511,
d19a149b-1d08-4720-bc60-716abcb6be88_lvl60,0.7930364445465935,-13.07675156801614,
d19a149b-1d08-4720-bc60-716abcb6be88_lvl73,0.20536514600003264,-15.79045963717634,
d19a149b-1d08-4720-bc60-716abcb6be88_lvl90,0.7119387650560068,-4.041518594453286,
d2e85f74-0303-4961-aee4-8ab04b416f98_lvl169,0.6537270975995478,-7.2171828676206635,
d2e85f74-0303-4961-aee4-8ab04b416f98_lvl18,0.8482630953369302,-6.991061585224622,
daeba09e-2e25-49f2-bc1f-182fd053f3a4_lvl177,0.6451202160181716,-7.394025480158005,
daeba09e-2e25-49f2-bc1f-182fd053f3a4_lvl187,0.636803557766707,-12.185667535148697,
daeba09e-2e25-49f2-bc1f-182fd053f3a4_lvl60,0.7931764997731873,-3.8423247733233548,
daeba09e-2e25-49f2-bc1f-182fd053f3a4_lvl61,0.7855235088205721,-6.652037555284867,
df68c988-120e-42a0-a498-7d7a567e9bc3_lvl107,0.7602845383118919,-13.03680942069597,
df68c988-120e-42a0-a498-7d7a567e9bc3_lvl175,0.690281130341881,-25.522978495790497,
df68c988-120e-42a0-a498-7d7a567e9bc3_lvl24,0.8185839385587063,-34.250462865945025,
df68c988-120e-42a0-a498-7d7a567e9bc3_lvl53,0.8239393304021476,-10.327116886275563,
e2215704-e65c-4f6f-893c-abdf71a1fd5f_lvl129,0.712603002742849,-6.4299129653026945,
e2215704-e65c-4f6f-893c-abdf71a1fd5f_lvl132,0.7092523864404693,-6.209364441449142,
e2215704-e65c-4f6f-893c-abdf71a1fd5f_lvl161,0.6700635186436733,-13.311595445366256,
e357e3de-be46-4360-b98a-d4c599431be7_lvl167,0.6472069282657235,-9.531722695640113,
e357e3de-be46-4360-b98a-d4c599431be7_lvl27,0.8529706585589433,-11.171558869390505,
e357e3de-be46-4360-b98a-d4c599431be7_lvl38,0.8202171747673268,-17.44146347743739,
e357e3de-be46-4360-b98a-d4c599431be7_lvl57,0.8506131638766109,-13.973926706313806,
e357e3de-be46-4360-b98a-d4c599431be7_lvl64,0.8021674520154233,-26.72371287328699,
e357e3de-be46-4360-b98a-d4c599431be7_lvl97,0.7462320406230197,-17.909953023324807,
e552776d-f5fc-45a8-83ac-cf12fbe2a5c1_lvl13,0.8932647699278317,-7.849477152967359,
e552776d-f5fc-45a8-83ac-cf12fbe2a5c1_lvl137,0.22496093252788818,-10.100574620378106,
e552776d-f5fc-45a8-83ac-cf12fbe2a5c1_lvl157,0.6365402535350266,-8.238690138907952,
e552776d-f5fc-45a8-83ac-cf12fbe2a5c1_lvl32,0.8319958325767746,-6.915396508149088,
e8fa1eee-54e3-49af-bd53-33de244a87be_lvl114,0.5971403733447782,-15.58610936996821,
e8fa1eee-54e3-49af-bd53-33de244a87be_lvl196,0.6193207300934779,-10.328841593657705,
e8fa1eee-54e3-49af-bd53-33de244a87be_lvl33,0.8328631122268608,-19.978638956109688,
e8fa1eee-54e3-49af-bd53-33de244a87be_lvl63,0.5973842810115664,-13.89425884534326,
edceed34-0e98-45b2-9ec8-e0139398b646_lvl143,0.6872987723121188,-9.283500828668513,
edceed34-0e98-45b2-9ec8-e0139398b646_lvl185,0.6168432045394363,-10.766637980581335,
edceed34-0e98-45b2-9ec8-e0139398b646_lvl195,0.5636186635551294,-6.184150468914465,
edceed34-0e98-45b2-9ec8-e0139398b646_lvl52,0.7936825962738411,-21.785191767592313,
f1db3f62-7202-4d4f-ab26-8f7b7cb62c2a_lvl134,0.7395139177167308,-13.203069955424121,
f1db3f62-7202-4d4f-ab26-8f7b7cb62c2a_lvl89,0.721238579062576,-13.486551322351392,
f2bb6e80-5d6a-47f7-9d4f-bffa766cefd6_lvl34,0.8554821577847052,-8.057084282102606,
f2bb6e80-5d6a-47f7-9d4f-bffa766cefd6_lvl36,0.8352634384261634,-2.0534064493224617,
f2bb6e80-5d6a-47f7-9d4f-bffa766cefd6_lvl55,0.8475899743801478,-15.177195659132321,
f2bb6e80-5d6a-47f7-9d4f-bffa766cefd6_lvl87,0.8077175954256695,-8.451205831185288,
f46dc364-473c-4af6-8661-01e445e6f3db_lvl120,0.5133090088144683,-15.294583286741702,
f46dc364-473c-4af6-8661-01e445e6f3db_lvl142,0.17214193193416366,-14.926765653830039,
f46dc364-473c-4af6-8661-01e445e6f3db_lvl183,0.5166448397508304,-79.38350334159388,
f46dc364-473c-4af6-8661-01e445e6f3db_lvl89,0.5482736915653854,-48.74424406468628,
f4885253-5a0a-43b2-b93a-d2e24180e4cc_lvl191,0.2678052407999277,-6.055108114469981,
f51c61ef-825a-45c2-ac37-22a2c895cd41_lvl102,0.44296850859586784,-15.475674280300517,
f51c61ef-825a-45c2-ac37-22a2c895cd41_lvl126,0.7497467864469342,-14.17229576200951,
f51c61ef-825a-45c2-ac37-22a2c895cd41_lvl142,0.644380413005694,-11.829193010380951,
f51c61ef-825a-45c2-ac37-22a2c895cd41_lvl167,0.6472069282657235,-10.304900033637109,
f5316da9-ca44-46c2-937a-c669e5689fad_lvl109,0.7304446090889056,-4.73917772253291,
f5316da9-ca44-46c2-937a-c669e5689fad_lvl179,0.6240777914088189,-13.457330622062585,
f5316da9-ca44-46c2-937a-c669e5689fad_lvl66,0.798748528681321,-32.317366089078824,
f5316da9-ca44-46c2-937a-c669e5689fad_lvl73,0.7078382180683489,-7.9400647356717275,
f70206b2-9f39-46ed-a0a8-5ef111e5efae_lvl133,0.7151865524327051,-22.645571938175426,
f70206b2-9f39-46ed-a0a8-5ef111e5efae_lvl47,0.808305380996764,-11.433407297894083,
f70206b2-9f39-46ed-a0a8-5ef111e5efae_lvl68,0.7642706919359711,-6.759029645079383,
fa5a99b6-80d0-49ce-b93f-b2889b2935c2_lvl114,0.534653153649717,-37.180491586629905,
fa5a99b6-80d0-49ce-b93f-b2889b2935c2_lvl147,0.3121082316865029,-11.377853274909768,
fa5a99b6-80d0-49ce-b93f-b2889b2935c2_lvl155,0.2664423534665455,-10.242126729292359,
fa5a99b6-80d0-49ce-b93f-b2889b2935c2_lvl52,0.8158783474246988,-15.890094006409665,
fd747ef3-188e-4a86-b65d-7d3da34e1566_lvl114,0.7615146575461857,-6.876349977625546,
fd747ef3-188e-4a86-b65d-7d3da34e1566_lvl17,0.8801647661234597,-5.6575805587646935,
fd747ef3-188e-4a86-b65d-7d3da34e1566_lvl61,0.7855235088205721,-14.178677035507876,
fd747ef3-188e-4a86-b65d-7d3da34e1566_lvl86,0.7630825573586487,-6.332177421662475,
fdb9bf30-0d9b-4985-bdff-661806be4fe5_lvl168,0.6425535818413626,-1.6493742666419522,
fdb9bf30-0d9b-4985-bdff-661806be4fe5_lvl170,0.6672223970185818,-5.624203569474774,
fdb9bf30-0d9b-4985-bdff-661806be4fe5_lvl40,0.816170763665149,-3.2672443664217625,
fdb9bf30-0d9b-4985-bdff-661806be4fe5_lvl53,0.8239393304021476,-5.13575206989274,
fe64a281-9563-4165-bf98-fbd8841472ba_lvl136,0.7437823354522667,-5.265692115175472,
fe64a281-9563-4165-bf98-fbd8841472ba_lvl181,0.8862928271812968,-12.279711300885358,
fe64a281-9563-4165-bf98-fbd8841472ba_lvl27,0.8529706585589433,-4.0760100116688385,
fe64a281-9563-4165-bf98-fbd8841472ba_lvl29,0.8681235841489346,-9.697424118164468,
